0,1,2,3,4,5,6,7,8,9,10,11
"('', '/md5/945af5793aa5dcb2e7924a0dd3f1ca17')","('Bruce  Springsteen', '/md5/945af5793aa5dcb2e7924a0dd3f1ca17')","('Peter Ames  CarlinCarlin, Peter Ames', '/md5/945af5793aa5dcb2e7924a0dd3f1ca17')","('Touchstone,  2012Simon & Schuster Childrens  BooksSimon & Schuster  LtdScribner UKUnited Kingdom and Ireland, United  KingdomLondon, England,  2013UK ed., 2013S.l, 1320', '/md5/945af5793aa5dcb2e7924a0dd3f1ca17')","('20122013', '/md5/945af5793aa5dcb2e7924a0dd3f1ca17')","('zlib/no-category/Peter Ames Carlin/Bruce_118315878.mobi', '/md5/945af5793aa5dcb2e7924a0dd3f1ca17')","('ðŸš€/zlib', '/md5/945af5793aa5dcb2e7924a0dd3f1ca17')","('en', '/md5/945af5793aa5dcb2e7924a0dd3f1ca17')","('ðŸ“—\xa0Book  (unknown)', '/md5/945af5793aa5dcb2e7924a0dd3f1ca17')","('mobi', '/md5/945af5793aa5dcb2e7924a0dd3f1ca17')","('2.4MB', '/md5/945af5793aa5dcb2e7924a0dd3f1ca17')","('', '/md5/945af5793aa5dcb2e7924a0dd3f1ca17')"
"('', '/md5/59d3ead50aaba8729f3dc5a76814742d')","('Bruce Springsteen  FAQ', '/md5/59d3ead50aaba8729f3dc5a76814742d')","('John D.  Luerssen', '/md5/59d3ead50aaba8729f3dc5a76814742d')","('Backbeat,  2012', '/md5/59d3ead50aaba8729f3dc5a76814742d')","('2012', '/md5/59d3ead50aaba8729f3dc5a76814742d')","('lgli/John D. Luerssen - Bruce Springsteen FAQ (2012, Backbeat).litzlib/no-category/John D. Luerssen/Bruce Springsteen FAQ_21439569.lit', '/md5/59d3ead50aaba8729f3dc5a76814742d')","('ðŸš€/lgli/zlib', '/md5/59d3ead50aaba8729f3dc5a76814742d')","('en', '/md5/59d3ead50aaba8729f3dc5a76814742d')","('ðŸ“˜\xa0Book  (non-fiction)', '/md5/59d3ead50aaba8729f3dc5a76814742d')","('lit', '/md5/59d3ead50aaba8729f3dc5a76814742d')","('15.4MB', '/md5/59d3ead50aaba8729f3dc5a76814742d')","('', '/md5/59d3ead50aaba8729f3dc5a76814742d')"
"('', '/md5/43869b341ab70698348d5fabaab377a1')","('Bruce Springsteen at  75', '/md5/43869b341ab70698348d5fabaab377a1')","('Gillian G. GaarGaar, Gillian G.', '/md5/43869b341ab70698348d5fabaab377a1')","('Quarto Publishing  Group USA, PT, 2024MBI Publishing Company  LLCCool Springs PressMotorbooksUnited States, United States of  America', '/md5/43869b341ab70698348d5fabaab377a1')","('2024', '/md5/43869b341ab70698348d5fabaab377a1')","('lgli/Bruce Springsteen at 75 - Gillian G. Gaar.epublgrsnf/Bruce Springsteen at 75 - Gillian G. Gaar.epubzlib/no-category/Gillian G. Gaar/Bruce Springsteen at 75_28462969.epub', '/md5/43869b341ab70698348d5fabaab377a1')","('ðŸš€/lgli/lgrs/zlib', '/md5/43869b341ab70698348d5fabaab377a1')","('en', '/md5/43869b341ab70698348d5fabaab377a1')","('ðŸ“˜\xa0Book  (non-fiction)', '/md5/43869b341ab70698348d5fabaab377a1')","('epub', '/md5/43869b341ab70698348d5fabaab377a1')","('26.4MB', '/md5/43869b341ab70698348d5fabaab377a1')","('', '/md5/43869b341ab70698348d5fabaab377a1')"
"('', '/md5/26c818ec83a37eaae3aee967a850a41c')","('Springsteen : album  by album', '/md5/26c818ec83a37eaae3aee967a850a41c')","('Ryan White;  introduction by Peter Ames CarlinWhite, Ryan  (Journalist), author; Carlin, Peter Ames', '/md5/26c818ec83a37eaae3aee967a850a41c')","('Sterling Publishing  Co., Inc., Illustrated, FR, 2014New York:  SterlingUnited States, United  States of AmericaNew York State,  2014', '/md5/26c818ec83a37eaae3aee967a850a41c')","('2014', '/md5/26c818ec83a37eaae3aee967a850a41c')","('ia/springsteenalbum0000whit.pdf', '/md5/26c818ec83a37eaae3aee967a850a41c')","('ðŸš€/ia', '/md5/26c818ec83a37eaae3aee967a850a41c')","('en', '/md5/26c818ec83a37eaae3aee967a850a41c')","('ðŸ“—\xa0Book  (unknown)', '/md5/26c818ec83a37eaae3aee967a850a41c')","('pdf', '/md5/26c818ec83a37eaae3aee967a850a41c')","('68.0MB', '/md5/26c818ec83a37eaae3aee967a850a41c')","('', '/md5/26c818ec83a37eaae3aee967a850a41c')"
"('', '/md5/8b53dc951a13c2870bd2a644280e85d0')","('The boss : Bruce  Springsteen', '/md5/8b53dc951a13c2870bd2a644280e85d0')","('Halbersberg, Elianne  HalbersbergHalbersberg, Elianne, author;  Gonzalez, Rod, book designer', '/md5/8b53dc951a13c2870bd2a644280e85d0')","('Sharon Publications  Inc., Sharon Starbook, Cresskill, NJ, USA, October 15, 1984Cresskill, N.J.: Sharon PublicationsObsidian MysteriesSharon StarbookSignet ClassicsUnited States, United States of  AmericaFirst Edition,  1984-10-15First Edition, US,  1984', '/md5/8b53dc951a13c2870bd2a644280e85d0')","('1984', '/md5/8b53dc951a13c2870bd2a644280e85d0')","('ia/bossbrucesprings0000halb.pdf', '/md5/8b53dc951a13c2870bd2a644280e85d0')","('ðŸš€/ia', '/md5/8b53dc951a13c2870bd2a644280e85d0')","('en', '/md5/8b53dc951a13c2870bd2a644280e85d0')","('ðŸ“—\xa0Book  (unknown)', '/md5/8b53dc951a13c2870bd2a644280e85d0')","('pdf', '/md5/8b53dc951a13c2870bd2a644280e85d0')","('15.2MB', '/md5/8b53dc951a13c2870bd2a644280e85d0')","('', '/md5/8b53dc951a13c2870bd2a644280e85d0')"
"('', '/md5/67411b2c4fa8266726c6fa6d8f839851')","('Bruce Springsteen  The River', '/md5/67411b2c4fa8266726c6fa6d8f839851')","('', '/md5/67411b2c4fa8266726c6fa6d8f839851')","('Warner Bros.  Publications Inc., 1981', '/md5/67411b2c4fa8266726c6fa6d8f839851')","('1981', '/md5/67411b2c4fa8266726c6fa6d8f839851')","('ia/brucespringsteen00unse.pdf', '/md5/67411b2c4fa8266726c6fa6d8f839851')","('ðŸš€/ia', '/md5/67411b2c4fa8266726c6fa6d8f839851')","('en', '/md5/67411b2c4fa8266726c6fa6d8f839851')","('ðŸ“—\xa0Book  (unknown)', '/md5/67411b2c4fa8266726c6fa6d8f839851')","('pdf', '/md5/67411b2c4fa8266726c6fa6d8f839851')","('15.0MB', '/md5/67411b2c4fa8266726c6fa6d8f839851')","('', '/md5/67411b2c4fa8266726c6fa6d8f839851')"
"('', '/md5/90ae6ada5a5d27210a52aac17349fcd0')","('The Bruce  Springsteen Scrapbook', '/md5/90ae6ada5a5d27210a52aac17349fcd0')","('Bordowitz, HankHank Bordowitz', '/md5/90ae6ada5a5d27210a52aac17349fcd0')","('New York: Citadel  Press, 1. print, New York, 2004Kensington  Publishing CorporationCitadel  StarsUnited States, United States  of AmericaJune 1, 2004PS, 2004', '/md5/90ae6ada5a5d27210a52aac17349fcd0')","('2004', '/md5/90ae6ada5a5d27210a52aac17349fcd0')","('ia/brucespringsteen0000bord.pdf', '/md5/90ae6ada5a5d27210a52aac17349fcd0')","('ðŸš€/ia', '/md5/90ae6ada5a5d27210a52aac17349fcd0')","('en', '/md5/90ae6ada5a5d27210a52aac17349fcd0')","('ðŸ“—\xa0Book  (unknown)', '/md5/90ae6ada5a5d27210a52aac17349fcd0')","('pdf', '/md5/90ae6ada5a5d27210a52aac17349fcd0')","('24.5MB', '/md5/90ae6ada5a5d27210a52aac17349fcd0')","('', '/md5/90ae6ada5a5d27210a52aac17349fcd0')"
"('', '/md5/1a4d5b90766f61181f5a10e87f301a25')","('Bruce Springsteen  (Pocket Essential series)', '/md5/1a4d5b90766f61181f5a10e87f301a25')","('Springsteen,  Bruce;Basham, PeterPeter  Basham', '/md5/1a4d5b90766f61181f5a10e87f301a25')","('Pocket  Essentials;Oldcastle Books, Bookwire GmbH, New York, 2012South Downs Crime & MysteryGas Light Crime & MysteryCrime & Mystery Club LtdUnited Kingdom and Ireland, United  KingdomPocket essentials,  Harpenden, Herts, 2005Chichester,  New York State, 2006May 1,  2005', '/md5/1a4d5b90766f61181f5a10e87f301a25')","('201220052006', '/md5/1a4d5b90766f61181f5a10e87f301a25')","('upload/bibliotik/P/Peter Basham - Bruce Springsteen.epublgli/Z:\\Bibliotik_\\33\\P\\Peter Basham - Bruce Springsteen.epubzlib/no-category/Peter Basham/Bruce Springsteen_19030118.epub', '/md5/1a4d5b90766f61181f5a10e87f301a25')","('ðŸš€/lgli/upload/zlib', '/md5/1a4d5b90766f61181f5a10e87f301a25')","('en', '/md5/1a4d5b90766f61181f5a10e87f301a25')","('ðŸ“˜\xa0Book  (non-fiction)', '/md5/1a4d5b90766f61181f5a10e87f301a25')","('epub', '/md5/1a4d5b90766f61181f5a10e87f301a25')","('0.2MB', '/md5/1a4d5b90766f61181f5a10e87f301a25')","('', '/md5/1a4d5b90766f61181f5a10e87f301a25')"
"('', '/md5/cdb50ab77f63e0bc268bb206e9ce1a45')","('Springsteen on  Springsteen: Interviews, Speeches, and Encounters (4) (Musicians in Their Own  Words)', '/md5/cdb50ab77f63e0bc268bb206e9ce1a45')","('Bruce Springsteen;  Jeff Burger; Chicago Review Pressedited by  Jeff BurgerBurger,  Jeff', '/md5/cdb50ab77f63e0bc268bb206e9ce1a45')","('Chicago Review  Press, Incorporated, Musicians in their own words, First edition, Chicago, Illinois,  2013Musicians in Their Own Words, Chicago,  cop. 2014A Capella book, 1.  edition, Chicago, Ill, 2013Independent Publishers Group, Chicago,  2013United States, United States of  America1st ed., Chicago, Illinois,  2013', '/md5/cdb50ab77f63e0bc268bb206e9ce1a45')","('20132014', '/md5/cdb50ab77f63e0bc268bb206e9ce1a45')","('lgli/Jeff Burger - Springsteen on Springsteen: Interviews, Speeches, and Encounters (2013, Chicago Review Press).epubzlib/Arts/Music/Jeff Burger/Springsteen on Springsteen: Interviews, Speeches, and Encounters_21215802.epub', '/md5/cdb50ab77f63e0bc268bb206e9ce1a45')","('ðŸš€/lgli/zlib', '/md5/cdb50ab77f63e0bc268bb206e9ce1a45')","('en', '/md5/cdb50ab77f63e0bc268bb206e9ce1a45')","('ðŸ“˜\xa0Book  (non-fiction)', '/md5/cdb50ab77f63e0bc268bb206e9ce1a45')","('epub', '/md5/cdb50ab77f63e0bc268bb206e9ce1a45')","('2.0MB', '/md5/cdb50ab77f63e0bc268bb206e9ce1a45')","('', '/md5/cdb50ab77f63e0bc268bb206e9ce1a45')"
"('', '/md5/17c1b24b25466100a8cde5ff6dee777b')","('Bruce Springsteen :  blinded by the light', '/md5/17c1b24b25466100a8cde5ff6dee777b')","('Patrick Humphries  and Chris HuntHumphries, Patrick; Hunt, Chris,  1951-', '/md5/17c1b24b25466100a8cde5ff6dee777b')","('Henry Holt, 1st  American ed., New York, New York State, 1986Harcourt Health Sciences GroupHolt, Rinehart & WinstonNew York: H. HoltDryden PressAn Owl book, 1. Amer. ed, New York,  1985United States, United States of  America1st American ed, New York,  1986, Â©19851st American ed, New  York, 1986, c1985First Edition,  1985', '/md5/17c1b24b25466100a8cde5ff6dee777b')","('19861985', '/md5/17c1b24b25466100a8cde5ff6dee777b')","('ia/brucespringsteen00hump.pdf', '/md5/17c1b24b25466100a8cde5ff6dee777b')","('ðŸš€/ia', '/md5/17c1b24b25466100a8cde5ff6dee777b')","('en', '/md5/17c1b24b25466100a8cde5ff6dee777b')","('ðŸ“—\xa0Book  (unknown)', '/md5/17c1b24b25466100a8cde5ff6dee777b')","('pdf', '/md5/17c1b24b25466100a8cde5ff6dee777b')","('13.7MB', '/md5/17c1b24b25466100a8cde5ff6dee777b')","('', '/md5/17c1b24b25466100a8cde5ff6dee777b')"
"('', '/md5/5ac717da3e55abb94a92788586805b13')","('Glory days : Bruce  Springsteen in the 1980s', '/md5/5ac717da3e55abb94a92788586805b13')","('Marsh, DaveDave Marsh', '/md5/5ac717da3e55abb94a92788586805b13')","('New York: Pantheon  Books, 1st ed., New York, New York State, 1987Alfred A. Knopf Books for Young  ReadersRandom House,  IncorporatedRandom House  AudioBooksUnited States, United  States of America1st ed, New York,  c1987New York, Unknown,  19871st ed, NY, 19751st, 1987-04-12', '/md5/5ac717da3e55abb94a92788586805b13')","('19871975', '/md5/5ac717da3e55abb94a92788586805b13')","('ia/glorydaysbrucesp00mars.pdf', '/md5/5ac717da3e55abb94a92788586805b13')","('ðŸš€/duxiu/ia', '/md5/5ac717da3e55abb94a92788586805b13')","('en', '/md5/5ac717da3e55abb94a92788586805b13')","('ðŸ“—\xa0Book  (unknown)', '/md5/5ac717da3e55abb94a92788586805b13')","('pdf', '/md5/5ac717da3e55abb94a92788586805b13')","('51.6MB', '/md5/5ac717da3e55abb94a92788586805b13')","('', '/md5/5ac717da3e55abb94a92788586805b13')"
"('', '/md5/885899753bb97ce84d23cfb7ff8e120b')","('Runaway American  dream : listening to Bruce Springsteen', '/md5/885899753bb97ce84d23cfb7ff8e120b')","('Guterman, JimmyJimmy Guterman', '/md5/885899753bb97ce84d23cfb7ff8e120b')","('Cambridge, MA: Da  Capo Press, Hachette Book Group, Cambridge, MA, 2005Da Capo Press, IncorporatedHachette BooksHachette GO1st ed., Cambridge, MA, Massachusetts,  20051st Da Capo Press ed,  Cambridge, MA, Â©2005United States,  United States of AmericaFirst  Edition, US, 2005', '/md5/885899753bb97ce84d23cfb7ff8e120b')","('2005', '/md5/885899753bb97ce84d23cfb7ff8e120b')","('ia/runawayamericand00gute.pdf', '/md5/885899753bb97ce84d23cfb7ff8e120b')","('ðŸš€/duxiu/ia', '/md5/885899753bb97ce84d23cfb7ff8e120b')","('en', '/md5/885899753bb97ce84d23cfb7ff8e120b')","('ðŸ“—\xa0Book  (unknown)', '/md5/885899753bb97ce84d23cfb7ff8e120b')","('pdf', '/md5/885899753bb97ce84d23cfb7ff8e120b')","('15.0MB', '/md5/885899753bb97ce84d23cfb7ff8e120b')","('', '/md5/885899753bb97ce84d23cfb7ff8e120b')"
"('', '/md5/d81d52702d98622593f9555ace9a4854')","('Glory days : Bruce  Springsteen in the 1980s', '/md5/d81d52702d98622593f9555ace9a4854')","('Marsh, DaveDave Marsh', '/md5/d81d52702d98622593f9555ace9a4854')","('New York: Pantheon  Books, 1st ed., New York, New York State, 1987Alfred A. Knopf Books for Young  ReadersRandom House,  IncorporatedRandom House  AudioBooksUnited States, United  States of America1st ed, New York,  c1987New York, Unknown,  19871st ed, NY, 19751st, 1987-04-12', '/md5/d81d52702d98622593f9555ace9a4854')","('19871975', '/md5/d81d52702d98622593f9555ace9a4854')","('ia/glorydaysbruces00mars.pdf', '/md5/d81d52702d98622593f9555ace9a4854')","('ðŸš€/duxiu/ia', '/md5/d81d52702d98622593f9555ace9a4854')","('en', '/md5/d81d52702d98622593f9555ace9a4854')","('ðŸ“—\xa0Book  (unknown)', '/md5/d81d52702d98622593f9555ace9a4854')","('pdf', '/md5/d81d52702d98622593f9555ace9a4854')","('27.9MB', '/md5/d81d52702d98622593f9555ace9a4854')","('', '/md5/d81d52702d98622593f9555ace9a4854')"
"('', '/md5/389c2dadcb553b36c5ba649c1199cf4b')","('American Lonesome :  The Work of Bruce Springsteen', '/md5/389c2dadcb553b36c5ba649c1199cf4b')","('Cologne-Brookes,  Gavin;Springsteen, BruceGavin Cologne-Brookes;  Project Muse', '/md5/389c2dadcb553b36c5ba649c1199cf4b')","('LSU Press; Louisiana  State University Press, Lightning Source (Tier 4), Baton Rouge, 2018Book collections on Project MUSE, Baton Rouge,  2018United States, United States of  AmericaNov 14, 20181, 20181114FR, 2018', '/md5/389c2dadcb553b36c5ba649c1199cf4b')","('2018', '/md5/389c2dadcb553b36c5ba649c1199cf4b')","('upload/bibliotik/A/American Lonesome_ The Work of Bruce Springsteen (ULouisiana) - Gavin Cologne-Brookes (retail).epublgli/Z:\\Bibliotik_\\14\\A\\%&Ovr0\\American Lonesome_ The Work of Bruce Springsteen (ULouisiana) - Gavin Cologne-Brookes (retail).epublgrsnf/Z:\\Bibliotik_\\14\\A\\%&Ovr0\\American Lonesome_ The Work of Bruce Springsteen (ULouisiana) - Gavin Cologne-Brookes (retail).epubnexusstc/American lonesome: the work of Bruce Springsteen/389c2dadcb553b36c5ba649c1199cf4b.epubzlib/Arts/Music/Cologne-Brookes, Gavin;Springsteen, Bruce/American lonesome: the work of Bruce Springsteen_5687068.epub', '/md5/389c2dadcb553b36c5ba649c1199cf4b')","('ðŸš€/lgli/lgrs/nexusstc/upload/zlib', '/md5/389c2dadcb553b36c5ba649c1199cf4b')","('en', '/md5/389c2dadcb553b36c5ba649c1199cf4b')","('ðŸ“˜\xa0Book  (non-fiction)', '/md5/389c2dadcb553b36c5ba649c1199cf4b')","('epub', '/md5/389c2dadcb553b36c5ba649c1199cf4b')","('2.4MB', '/md5/389c2dadcb553b36c5ba649c1199cf4b')","('', '/md5/389c2dadcb553b36c5ba649c1199cf4b')"
"('', '/md5/d31dae69436b4ef54da15fca4ef6f658')","('Glory days : Bruce  Springsteen in the 1980s', '/md5/d31dae69436b4ef54da15fca4ef6f658')","('Marsh, DaveDave Marsh', '/md5/d31dae69436b4ef54da15fca4ef6f658')","('New York: Pantheon  Books, 1st ed., New York, New York State, 1987Alfred A. Knopf Books for Young  ReadersRandom House,  IncorporatedRandom House  AudioBooksUnited States, United  States of America1st ed, New York,  c1987New York, Unknown,  19871st ed, NY, 19751st, 1987-04-12', '/md5/d31dae69436b4ef54da15fca4ef6f658')","('19871975', '/md5/d31dae69436b4ef54da15fca4ef6f658')","('ia/glorydaysbrucesp0000mars.pdf', '/md5/d31dae69436b4ef54da15fca4ef6f658')","('ðŸš€/duxiu/ia', '/md5/d31dae69436b4ef54da15fca4ef6f658')","('en', '/md5/d31dae69436b4ef54da15fca4ef6f658')","('ðŸ“—\xa0Book  (unknown)', '/md5/d31dae69436b4ef54da15fca4ef6f658')","('pdf', '/md5/d31dae69436b4ef54da15fca4ef6f658')","('36.0MB', '/md5/d31dae69436b4ef54da15fca4ef6f658')","('', '/md5/d31dae69436b4ef54da15fca4ef6f658')"
"('', '/md5/24af55d3116e775f89f06bbd3c0dd3d9')","('Bruce Springsteen :  glory days - 50 years of dreaming', '/md5/24af55d3116e775f89f06bbd3c0dd3d9')","('VARIOUS  AUTHORS.', '/md5/24af55d3116e775f89f06bbd3c0dd3d9')","('Danann Media  Publishing Limited, Great Britain?, 2018[United States]: Encore BooksUnknown PublisherFHE LimitedUnited Kingdom and Ireland, United  KingdomUnited States,  2017England, 2017PS, 2017', '/md5/24af55d3116e775f89f06bbd3c0dd3d9')","('20182017', '/md5/24af55d3116e775f89f06bbd3c0dd3d9')","('ia/brucespringsteen0000unse_h0n5.pdf', '/md5/24af55d3116e775f89f06bbd3c0dd3d9')","('ðŸš€/ia', '/md5/24af55d3116e775f89f06bbd3c0dd3d9')","('en', '/md5/24af55d3116e775f89f06bbd3c0dd3d9')","('ðŸ“—\xa0Book  (unknown)', '/md5/24af55d3116e775f89f06bbd3c0dd3d9')","('pdf', '/md5/24af55d3116e775f89f06bbd3c0dd3d9')","('14.3MB', '/md5/24af55d3116e775f89f06bbd3c0dd3d9')","('', '/md5/24af55d3116e775f89f06bbd3c0dd3d9')"
"('', '/md5/2b768a199013b70fc6d580e0be66e987')","('Bruce Springsteen:  The Illustrated Biography (Illustrated Biography Collectors)', '/md5/2b768a199013b70fc6d580e0be66e987')","('Chris RushbyRushby, Chris', '/md5/2b768a199013b70fc6d580e0be66e987')","('Transatlantic Press,  Croxley Green, England, 2012Atlantic  Publishing, Croxley GreenCroxley  Green: Trans AtlanticUnited Kingdom  and Ireland, United KingdomCollectors ed, PS, 2014', '/md5/2b768a199013b70fc6d580e0be66e987')","('20122014', '/md5/2b768a199013b70fc6d580e0be66e987')","('ia/brucespringsteen0000rush.pdf', '/md5/2b768a199013b70fc6d580e0be66e987')","('ðŸš€/ia', '/md5/2b768a199013b70fc6d580e0be66e987')","('en', '/md5/2b768a199013b70fc6d580e0be66e987')","('ðŸ“—\xa0Book  (unknown)', '/md5/2b768a199013b70fc6d580e0be66e987')","('pdf', '/md5/2b768a199013b70fc6d580e0be66e987')","('26.3MB', '/md5/2b768a199013b70fc6d580e0be66e987')","('', '/md5/2b768a199013b70fc6d580e0be66e987')"
"('', '/md5/396c254e5e49cdf72d0bef8383123cb0')","('Glory days : the  Bruce Springsteen story. Volume 2Glory Days:  The Bruce Springsteen Story (Marsh, Dave. Bruce Springsteen Story, V.  2.)', '/md5/396c254e5e49cdf72d0bef8383123cb0')","('Marsh, DaveDave Marsh', '/md5/396c254e5e49cdf72d0bef8383123cb0')","(""New York, NY:  Thunder's Mouth Press, The Bruce Springsteen story ;, v. 2, New York, NY, New York  State, 1996Avalon Publishing GroupBasic BooksBruce Springsteen story, Thunder's Mouth Press  ed, New York, N.Y, Â©1996The Bruce  Springsteen story, New York, NY, c1996United States, United States of  America3rd ed, New York, N.Y,  Â©1996"", '/md5/396c254e5e49cdf72d0bef8383123cb0')","('1996', '/md5/396c254e5e49cdf72d0bef8383123cb0')","('ia/glorydays0000mars.pdf', '/md5/396c254e5e49cdf72d0bef8383123cb0')","('ðŸš€/ia', '/md5/396c254e5e49cdf72d0bef8383123cb0')","('en', '/md5/396c254e5e49cdf72d0bef8383123cb0')","('ðŸ“—\xa0Book  (unknown)', '/md5/396c254e5e49cdf72d0bef8383123cb0')","('pdf', '/md5/396c254e5e49cdf72d0bef8383123cb0')","('27.4MB', '/md5/396c254e5e49cdf72d0bef8383123cb0')","('', '/md5/396c254e5e49cdf72d0bef8383123cb0')"
"('', '/md5/72b7df02b38699a6c1b3f4f2b8ff69ca')","(""Bruce Springsteen  and the Promise of Rock 'n' Roll"", '/md5/72b7df02b38699a6c1b3f4f2b8ff69ca')","('Dolan,  Marc;Springsteen, BruceMarc  Dolan', '/md5/72b7df02b38699a6c1b3f4f2b8ff69ca')","('W. W. Norton &  Company, Incorporated, 1st ed., New York, New York State, 2012Norton & Company, Incorporated, W.  W.Norton Professional  BooksUnited States, United States  of America1st ed, New York, cop.  2012First Edition, FR,  2012New York, 20131, 20120604', '/md5/72b7df02b38699a6c1b3f4f2b8ff69ca')","('20122013', '/md5/72b7df02b38699a6c1b3f4f2b8ff69ca')","(""nexusstc/Bruce Springsteen and the Promise of Rock 'n' Roll/72b7df02b38699a6c1b3f4f2b8ff69ca.epublgrsnf/Marc_Dolan_-_Bruce_Springsteen_and_the_Promise_of_Rock_n_Roll.epubzlib/Arts/Marc Dolan/Bruce Springsteen and the Promise of Rock 'n' Roll_11033153.epub"", '/md5/72b7df02b38699a6c1b3f4f2b8ff69ca')","('ðŸš€/lgli/lgrs/nexusstc/zlib', '/md5/72b7df02b38699a6c1b3f4f2b8ff69ca')","('en', '/md5/72b7df02b38699a6c1b3f4f2b8ff69ca')","('ðŸ“˜\xa0Book  (non-fiction)', '/md5/72b7df02b38699a6c1b3f4f2b8ff69ca')","('epub', '/md5/72b7df02b38699a6c1b3f4f2b8ff69ca')","('1.4MB', '/md5/72b7df02b38699a6c1b3f4f2b8ff69ca')","('', '/md5/72b7df02b38699a6c1b3f4f2b8ff69ca')"
"('', '/md5/6efce0bc39d584c0e311b4427eb8b22c')","('Long walk home :  reflections on Bruce Springsteen at 70', '/md5/6efce0bc39d584c0e311b4427eb8b22c')","('Jonathan D. Cohen;  Jim Cullen; June Skinner Sawyers; Natalie Adler; Eric Alterman; Regina Barreca; Nancy  Bishop; Dermot Bolger; Peter Ames Carlin; Jefferson CowieCohen, Jonathan D.; Sawyers, June Skinner;  Adler, Natalie; Alterman, Eric; Barreca, Regina; Bishop, Nancy; Bolger, Dermot;  Carlin, Peter Ames; Cowie, Jefferson; Cullen, Jim; Dinerstein, Joel; Gaar, Gillian  G.; Joseph, Martyn; Iyer, Deepa; Marcus, Greil; Masur, Louis; Muldoon, Paul; Onkey,  Lauren; Russo, Richard; Scott, A. O.; Sheehy, Colleen; Stace, Wesley; Stefanko,  Frank; Streight, Irwin; Swan, Wayne; Ulin, David L.; Wald, Elijah; Wolff, Daniel;  Womack, KennethJonathan D. Cohen;  Natalie Adler; Eric Alterman; Regina Barreca; Nancy Bishop; Dermot Bolger; Peter  Ames Carlin; Jefferson R. Cowie; Jim Cullen; Joel Dinerstein; Gillian G. Gaar;  Martyn Joseph; Deepa Iyer; Greil Marcus; Professor Louis Masur; Paul Muldoon; Lauren  Onkey; Richard Russo; A.O. Scott; Colleen Sheehy; Wesley Stace; Frank Stefanko;  Irwin Streight; Wayne Swan; David L. Ulin; Elijah Wald; Daniel Wolff; Kenneth  Womack; June Skinner SawyersJonathan D. Cohen; June Skinner Sawyers; Natalie  Adler; Eric Alterman; Regina Barreca; Nancy Bishop; Dermot Bolger; Peter Ames  Carlin; Jefferson Cowie; Jim Cullen; Joel Dinerstein; Gillian G. Gaar; Martyn  Joseph; Deepa Iyer; Greil Marcus; Louis Masur; Paul Muldoon; Lauren Onkey; Richard  Russo; A. O. Scott; Colleen Sheehy; Wesley Stace; Frank Stefanko; Irwin Streight;  Wayne Swan; David L. Ulin; Elijah Wald; Daniel Wolff; Kenneth WomackNatalie Adler; Eric Alterman; Regina Barreca;  Nancy Bishop; Dermot Bolger; Peter Ames Carlin; Jonathan D Cohen; Jefferson Cowie;  Jim Cullen; Joel DinersteinJonathan  D. Cohen and June Skinner Sawyers (Editors)', '/md5/6efce0bc39d584c0e311b4427eb8b22c')","('Rutgers University  Press, 1, 20190923Rutgers University Press,  New Brunswick, 2019United States,  United States of AmericaNew  Brunswick, NJ, 2019None, PS,  2019', '/md5/6efce0bc39d584c0e311b4427eb8b22c')","('2019', '/md5/6efce0bc39d584c0e311b4427eb8b22c')","('upload/newsarch_ebooks_2025_10/2023/08/23/1978805268.pdfnexusstc/Long Walk Home: Reflections on Bruce Springsteen/6efce0bc39d584c0e311b4427eb8b22c.pdflgli/Long Walk Home_ Reflections on Bruce Springsteen - Jonathan D. Cohen.pdflgrsnf/Long Walk Home_ Reflections on Bruce Springsteen - Jonathan D. Cohen.pdfzlib/no-category/Jonathan D. Cohen; Jim Cullen; June Skinner Sawyers; Natalie Adler; Eric Alterman; Regina Barreca; Nancy Bishop; Dermot Bolger; Peter Ames Carlin; Jefferson Cowie/Long Walk Home : Reflections on Bruce Springsteen_25828153.pdf', '/md5/6efce0bc39d584c0e311b4427eb8b22c')","('ðŸš€/lgli/lgrs/nexusstc/upload/zlib', '/md5/6efce0bc39d584c0e311b4427eb8b22c')","('en', '/md5/6efce0bc39d584c0e311b4427eb8b22c')","('ðŸ“˜\xa0Book  (non-fiction)', '/md5/6efce0bc39d584c0e311b4427eb8b22c')","('pdf', '/md5/6efce0bc39d584c0e311b4427eb8b22c')","('16.2MB', '/md5/6efce0bc39d584c0e311b4427eb8b22c')","('', '/md5/6efce0bc39d584c0e311b4427eb8b22c')"
"('', '/md5/d12eb8e0e332431cbd05e26e2e32fab2')","('Who is Bruce  Springsteen? [eBook - NC Kids Digital LibraryWho Is Bruce Springsteen? (Who  Was?)', '/md5/d12eb8e0e332431cbd05e26e2e32fab2')","('by Stephanie Sabol;  illustrated by Gregory CopelandStephanie  Sabol; Who H.Q.; Gregory CopelandSabol, Stephanie; Who HQ; Copeland,  Gregory', '/md5/d12eb8e0e332431cbd05e26e2e32fab2')","('Penguin Workshop,  Who Was/Is...?, Paperback, 2016Grosset &  Dunlap, an imprint of Penguin Random HousePenguin Putnam Books for Young  ReadersJove Publications,  IncorporatedPenguin Young Readers  GroupPublisher not  identifiedWho is-- ?, Who is--?,  New York, New York, New York State, 2016Who is?, Place of publication not identified,  2016Who is--, prebound library ed,  New York, 2016United States, United  States of AmericaIllustrated, PS,  2016', '/md5/d12eb8e0e332431cbd05e26e2e32fab2')","('2016', '/md5/d12eb8e0e332431cbd05e26e2e32fab2')","(""upload/bibliotik/W/Who Is Bruce Springsteen_ - Stephanie Sabol.epubnexusstc/Who Is Bruce Springsteen?/d12eb8e0e332431cbd05e26e2e32fab2.epublgli/Who Is Bruce Springsteen_ - Stephanie Sabol.epublgrsnf/Who Is Bruce Springsteen_ - Stephanie Sabol.epubzlib/Children's Books/Arts, Music & Photography/Stephanie Sabol/Who Is Bruce Springsteen?_5001676.epub"", '/md5/d12eb8e0e332431cbd05e26e2e32fab2')","('ðŸš€/lgli/lgrs/nexusstc/upload/zlib', '/md5/d12eb8e0e332431cbd05e26e2e32fab2')","('en', '/md5/d12eb8e0e332431cbd05e26e2e32fab2')","('ðŸ“˜\xa0Book  (non-fiction)', '/md5/d12eb8e0e332431cbd05e26e2e32fab2')","('epub', '/md5/d12eb8e0e332431cbd05e26e2e32fab2')","('71.5MB', '/md5/d12eb8e0e332431cbd05e26e2e32fab2')","('', '/md5/d12eb8e0e332431cbd05e26e2e32fab2')"
"('', '/md5/6a62cddb12b7c81d2d2c38f165b227c9')","(""Bruce Springsteen  and the Promise of Rock 'n' Roll"", '/md5/6a62cddb12b7c81d2d2c38f165b227c9')","('Dolan, Marc,  1961-Marc Dolan', '/md5/6a62cddb12b7c81d2d2c38f165b227c9')","('W. W. Norton &  Company, Incorporated, 1st ed., New York, New York State, 2012Norton Professional BooksNew York: W.W. NortonUnited States, United States of  America1st ed, New York, cop.  2012First Edition, FR,  2012', '/md5/6a62cddb12b7c81d2d2c38f165b227c9')","('2012', '/md5/6a62cddb12b7c81d2d2c38f165b227c9')","('ia/brucespringsteen0000dola.pdf', '/md5/6a62cddb12b7c81d2d2c38f165b227c9')","('ðŸš€/ia', '/md5/6a62cddb12b7c81d2d2c38f165b227c9')","('en', '/md5/6a62cddb12b7c81d2d2c38f165b227c9')","('ðŸ“—\xa0Book  (unknown)', '/md5/6a62cddb12b7c81d2d2c38f165b227c9')","('pdf', '/md5/6a62cddb12b7c81d2d2c38f165b227c9')","('25.7MB', '/md5/6a62cddb12b7c81d2d2c38f165b227c9')","('', '/md5/6a62cddb12b7c81d2d2c38f165b227c9')"
"('', '/md5/50fd8976c64173c055420ed98d60b91a')","(""Bruce Springsteen  and the Promise of Rock 'n' Roll"", '/md5/50fd8976c64173c055420ed98d60b91a')","('Dolan,  Marc;Springsteen, BruceMarc  Dolan', '/md5/50fd8976c64173c055420ed98d60b91a')","('W. W. Norton &  Company, Incorporated, 1st ed., New York, New York State, 2012Norton & Company, Incorporated, W.  W.Norton Professional  BooksUnited States, United States  of America1st ed, New York, cop.  2012First Edition, FR,  2012New York, 20131, 20120604', '/md5/50fd8976c64173c055420ed98d60b91a')","('20122013', '/md5/50fd8976c64173c055420ed98d60b91a')","(""upload/bibliotik/B/Bruce Springsteen and the Promise of Rock 'n' Roll - Marc Dolan.epublgli/Z:\\Bibliotik_\\12\\B\\%&Ovr0\\Bruce Springsteen and the Promise of Rock  _2527n_2527 Roll - Marc Dolan.epublgrsnf/Z:\\Bibliotik_\\12\\B\\%&Ovr0\\Bruce Springsteen and the Promise of Rock  _2527n_2527 Roll - Marc Dolan.epubnexusstc/Bruce Springsteen and the Promise of Rock 'n' Roll/50fd8976c64173c055420ed98d60b91a.epubzlib/Arts/Music/Dolan, Marc;Springsteen, Bruce/Bruce Springsteen and the Promise of Rock 'n' Roll_5689998.epub"", '/md5/50fd8976c64173c055420ed98d60b91a')","('ðŸš€/lgli/lgrs/nexusstc/upload/zlib', '/md5/50fd8976c64173c055420ed98d60b91a')","('en', '/md5/50fd8976c64173c055420ed98d60b91a')","('ðŸ“˜\xa0Book  (non-fiction)', '/md5/50fd8976c64173c055420ed98d60b91a')","('epub', '/md5/50fd8976c64173c055420ed98d60b91a')","('1.4MB', '/md5/50fd8976c64173c055420ed98d60b91a')","('', '/md5/50fd8976c64173c055420ed98d60b91a')"
"('', '/md5/bb5fc0089f1eb461b31d3f71ffa8315b')","('Who is Bruce  Springsteen? [eBook - NC Kids Digital LibraryWho Is Bruce Springsteen? (Who  Was?)', '/md5/bb5fc0089f1eb461b31d3f71ffa8315b')","('Sabol, Stephanie;  Who HQ; Copeland, GregoryStephanie Sabol,  Gregory Copeland, Who HQStephanie  Sabol; Who HQ; Gregory Copeland', '/md5/bb5fc0089f1eb461b31d3f71ffa8315b')","('Penguin Young  Readers Group, Who is?, Place of publication not identified, 2016Grosset & Dunlap, an imprint of Penguin  Random HouseJove Publications,  IncorporatedPenguin Publishing  GroupPublisher not  identifiedBerkley Publishing  GroupUnited States, United States  of AmericaWho is-- ?, New York,  2016New York, NY, 2016Who Was? Ser, 20164, 20160927', '/md5/bb5fc0089f1eb461b31d3f71ffa8315b')","('2016', '/md5/bb5fc0089f1eb461b31d3f71ffa8315b')","(""nexusstc/Who Is Bruce Springsteen?/bb5fc0089f1eb461b31d3f71ffa8315b.epublgli/Who Is Bruce Springsteen_ - Sabol, Stephanie.epublgrsnf/Who Is Bruce Springsteen_ - Sabol, Stephanie.epubzlib/Children's Books/Arts, Music & Photography/Sabol, Stephanie/Who Is Bruce Springsteen?_11765904.epub"", '/md5/bb5fc0089f1eb461b31d3f71ffa8315b')","('ðŸš€/lgli/lgrs/nexusstc/zlib', '/md5/bb5fc0089f1eb461b31d3f71ffa8315b')","('en', '/md5/bb5fc0089f1eb461b31d3f71ffa8315b')","('ðŸ“˜\xa0Book  (non-fiction)', '/md5/bb5fc0089f1eb461b31d3f71ffa8315b')","('epub', '/md5/bb5fc0089f1eb461b31d3f71ffa8315b')","('71.5MB', '/md5/bb5fc0089f1eb461b31d3f71ffa8315b')","('', '/md5/bb5fc0089f1eb461b31d3f71ffa8315b')"
"('', '/md5/dc2c77f5880d57fa066ed16aa6a14763')","('Tougher than the  rest : 100 best Bruce Springsteen songs', '/md5/dc2c77f5880d57fa066ed16aa6a14763')","('June Skinner  Sawyers; Christopher PhillipsSawyers, June  Skinner, 1957-', '/md5/dc2c77f5880d57fa066ed16aa6a14763')","('London ; New York:  Omnibus Press: Exclusive distributors, Music Sales Corp., 1st edition, October 27,  2006Shawnee Press, IncorporatedSchirmer Trade BooksArielUnited States, United States of  America1st, First Edition, PS,  2006London, New York,  c2006', '/md5/dc2c77f5880d57fa066ed16aa6a14763')","('2006', '/md5/dc2c77f5880d57fa066ed16aa6a14763')","('ia/tougherthanrest10000sawy.pdf', '/md5/dc2c77f5880d57fa066ed16aa6a14763')","('ðŸš€/ia', '/md5/dc2c77f5880d57fa066ed16aa6a14763')","('en', '/md5/dc2c77f5880d57fa066ed16aa6a14763')","('ðŸ“—\xa0Book  (unknown)', '/md5/dc2c77f5880d57fa066ed16aa6a14763')","('pdf', '/md5/dc2c77f5880d57fa066ed16aa6a14763')","('18.1MB', '/md5/dc2c77f5880d57fa066ed16aa6a14763')","('', '/md5/dc2c77f5880d57fa066ed16aa6a14763')"
"('', '/md5/45d632173eb181889edb6b3644c2de8c')","('Something Like a  Lady by Kay Springsteen and Kim Bowman', '/md5/45d632173eb181889edb6b3644c2de8c')","('Kay Springsteen; Kim  BowmanKim Bowman, Kay  Springsteen', '/md5/45d632173eb181889edb6b3644c2de8c')","('Astraea Press, LLC,  Ladies, Madison, Wis, 2013United States,  United States of America', '/md5/45d632173eb181889edb6b3644c2de8c')","('2013', '/md5/45d632173eb181889edb6b3644c2de8c')","('lgli/Kay Springsteen - Something Like a Lady (2013, Astraea Press).epubzlib/no-category/Kay Springsteen; Kim Bowman/Something Like A Lady_22079845.epub', '/md5/45d632173eb181889edb6b3644c2de8c')","('ðŸš€/lgli/zlib', '/md5/45d632173eb181889edb6b3644c2de8c')","('en', '/md5/45d632173eb181889edb6b3644c2de8c')","('ðŸ“•\xa0Book  (fiction)', '/md5/45d632173eb181889edb6b3644c2de8c')","('epub', '/md5/45d632173eb181889edb6b3644c2de8c')","('0.7MB', '/md5/45d632173eb181889edb6b3644c2de8c')","('', '/md5/45d632173eb181889edb6b3644c2de8c')"
"('', '/md5/9bc8994e83f462a55b6cf12d27ae8946')","('Bruce Springsteen:  In His Own Words ((in Their Own Words))', '/md5/9bc8994e83f462a55b6cf12d27ae8946')","('(compiled by) John  DuffySpringsteen, Bruce; Duffy, John  WBruce SpringsteenJohn W. Duffy', '/md5/9bc8994e83f462a55b6cf12d27ae8946')","('Omnibus Press,  London, England, 1993Wise  PublicationsLondon:  OmnibusMusic Sales LtdUnited Kingdom and Ireland, United  KingdomSeptember  1993', '/md5/9bc8994e83f462a55b6cf12d27ae8946')","('1993', '/md5/9bc8994e83f462a55b6cf12d27ae8946')","('ia/brucespringsteen0000spri.pdf', '/md5/9bc8994e83f462a55b6cf12d27ae8946')","('ðŸš€/ia', '/md5/9bc8994e83f462a55b6cf12d27ae8946')","('en', '/md5/9bc8994e83f462a55b6cf12d27ae8946')","('ðŸ“—\xa0Book  (unknown)', '/md5/9bc8994e83f462a55b6cf12d27ae8946')","('pdf', '/md5/9bc8994e83f462a55b6cf12d27ae8946')","('14.7MB', '/md5/9bc8994e83f462a55b6cf12d27ae8946')","('', '/md5/9bc8994e83f462a55b6cf12d27ae8946')"
"('', '/md5/cebc3fb3d6825bda4bf65a5eb024fec1')","('Something Like a  Lady by Kay Springsteen and Kim Bowman', '/md5/cebc3fb3d6825bda4bf65a5eb024fec1')","('Kim Bowman & Kay  Springsteen', '/md5/cebc3fb3d6825bda4bf65a5eb024fec1')","('Astraea Press, LLC,  Ladies, Madison, Wis, 2013United States,  United States of America', '/md5/cebc3fb3d6825bda4bf65a5eb024fec1')","('2013', '/md5/cebc3fb3d6825bda4bf65a5eb024fec1')","('lgli/Kim Bowman - Something Like a Lady.mobizlib/no-category/Kim Bowman/Something Like a Lady_5576421.mobi', '/md5/cebc3fb3d6825bda4bf65a5eb024fec1')","('ðŸš€/lgli/zlib', '/md5/cebc3fb3d6825bda4bf65a5eb024fec1')","('en', '/md5/cebc3fb3d6825bda4bf65a5eb024fec1')","('ðŸ“•\xa0Book  (fiction)', '/md5/cebc3fb3d6825bda4bf65a5eb024fec1')","('mobi', '/md5/cebc3fb3d6825bda4bf65a5eb024fec1')","('0.8MB', '/md5/cebc3fb3d6825bda4bf65a5eb024fec1')","('', '/md5/cebc3fb3d6825bda4bf65a5eb024fec1')"
"('', '/md5/dec4209ef308d76ba41711183487f24f')","('Talk About a Dream :  The Essential Interviews of Bruce Springsteen', '/md5/dec4209ef308d76ba41711183487f24f')","('Christopher  Phillips; Louis P Masur; Bruce SpringsteenUnknown', '/md5/dec4209ef308d76ba41711183487f24f')","('Bloomsbury Press, 0,  2013Bloomsbury Publishing PlcBloomsbury Publishing USABloomsbury USA (Trade), [Place of publication  not identified], 2013United States,  United States of AmericaFirst U.S.  edition, New York, 2013London, UK,  20131, PS, 2013', '/md5/dec4209ef308d76ba41711183487f24f')","('2013', '/md5/dec4209ef308d76ba41711183487f24f')","('upload/newsarch_ebooks_2025_10/2019/05/14/Talk About a Dream The Essential Interviews of Bruce Spring.epubnexusstc/Talk About a Dream: The Essential Interviews of Bruce Springsteen/dec4209ef308d76ba41711183487f24f.epublgli/1620400723_Dream.epublgrsnf/1620400723_Dream.epubzlib/Arts/Music/Christopher Phillips, Louis P. Masur/Talk About a Dream: The Essential Interviews of Bruce Springsteen_2336427.epub', '/md5/dec4209ef308d76ba41711183487f24f')","('ðŸš€/lgli/lgrs/nexusstc/upload/zlib', '/md5/dec4209ef308d76ba41711183487f24f')","('en', '/md5/dec4209ef308d76ba41711183487f24f')","('ðŸ“˜\xa0Book  (non-fiction)', '/md5/dec4209ef308d76ba41711183487f24f')","('epub', '/md5/dec4209ef308d76ba41711183487f24f')","('0.9MB', '/md5/dec4209ef308d76ba41711183487f24f')","('', '/md5/dec4209ef308d76ba41711183487f24f')"
"('', '/md5/4408b884c0eb8156d1fa5864e37c97cb')","('Something Like a  Lady by Kay Springsteen and Kim Bowman', '/md5/4408b884c0eb8156d1fa5864e37c97cb')","('Kim Bowman & Kay  Springsteen [Bowman, Kim & Springsteen, Kay]', '/md5/4408b884c0eb8156d1fa5864e37c97cb')","('Astraea Press, LLC,  Lady Duo #2, 2013United States, United States  of AmericaLadies, Madison, Wis,  2013', '/md5/4408b884c0eb8156d1fa5864e37c97cb')","('2013', '/md5/4408b884c0eb8156d1fa5864e37c97cb')","('lgli/Kim Bowman & Kay Springsteen [Bowman, Kim & Springsteen, Kay] - Something Like a Lady (2013, ).epubzlib/no-category/Kim Bowman & Kay Springsteen [Bowman, Kim & Springsteen, Kay]/Something Like a Lady_13304725.epub', '/md5/4408b884c0eb8156d1fa5864e37c97cb')","('ðŸš€/lgli/zlib', '/md5/4408b884c0eb8156d1fa5864e37c97cb')","('en', '/md5/4408b884c0eb8156d1fa5864e37c97cb')","('ðŸ“•\xa0Book  (fiction)', '/md5/4408b884c0eb8156d1fa5864e37c97cb')","('epub', '/md5/4408b884c0eb8156d1fa5864e37c97cb')","('0.7MB', '/md5/4408b884c0eb8156d1fa5864e37c97cb')","('', '/md5/4408b884c0eb8156d1fa5864e37c97cb')"
"('', '/md5/1d886baa3ddbcdfce44efda853d4c5c9')","('Bruce Springsteen  and The E Street Band; Live/1975-85', '/md5/1d886baa3ddbcdfce44efda853d4c5c9')","('various', '/md5/1d886baa3ddbcdfce44efda853d4c5c9')","('1986', '/md5/1d886baa3ddbcdfce44efda853d4c5c9')","('1986', '/md5/1d886baa3ddbcdfce44efda853d4c5c9')","('ia/brucespringsteen0000vari.pdf', '/md5/1d886baa3ddbcdfce44efda853d4c5c9')","('ðŸš€/ia', '/md5/1d886baa3ddbcdfce44efda853d4c5c9')","('en', '/md5/1d886baa3ddbcdfce44efda853d4c5c9')","('ðŸ“—\xa0Book  (unknown)', '/md5/1d886baa3ddbcdfce44efda853d4c5c9')","('pdf', '/md5/1d886baa3ddbcdfce44efda853d4c5c9')","('7.5MB', '/md5/1d886baa3ddbcdfce44efda853d4c5c9')","('', '/md5/1d886baa3ddbcdfce44efda853d4c5c9')"
"('', '/md5/194de660a4d7e11d23901cef17ef4eb0')","('Rock Star : The  Making of Musical Icons From Elvis to Springsteen', '/md5/194de660a4d7e11d23901cef17ef4eb0')","('Shumway, David  R.David R Shumway; Anthony De  Curtis', '/md5/194de660a4d7e11d23901cef17ef4eb0')","('Johns Hopkins  University Press, Johns Hopkins University Press, Baltimore, 2014Place of publication not identified,  2014United States, United States of  AmericaOnline-ausg, Baltimore,  Maryland, 20142,  2014', '/md5/194de660a4d7e11d23901cef17ef4eb0')","('2014', '/md5/194de660a4d7e11d23901cef17ef4eb0')","('upload/bibliotik/R/Rock Star - David R. Shumway.epubupload/motw_shc_2025_10/shc/Rock Star_ The Making of Musical Icons Fro - David R. Shumway.epubmotw/Rock Star_ The Making of Musical Icons Fro - David R. Shumway.epublgli/eng\\Calibre Library\\David R. Shumway\\Rock Star (27538)\\Rock Star - David R. Shumway.epublgrsfic/eng\\Calibre Library\\David R. Shumway\\Rock Star (27538)\\Rock Star - David R. Shumway.epubzlib/Arts/Music/Shumway, David R./Rock Star: The Making of Musical Icons from Elvis to Springsteen_4733684.epub', '/md5/194de660a4d7e11d23901cef17ef4eb0')","('ðŸš€/duxiu/lgli/lgrs/upload/zlib', '/md5/194de660a4d7e11d23901cef17ef4eb0')","('en', '/md5/194de660a4d7e11d23901cef17ef4eb0')","('ðŸ“˜\xa0Book  (non-fiction)', '/md5/194de660a4d7e11d23901cef17ef4eb0')","('epub', '/md5/194de660a4d7e11d23901cef17ef4eb0')","('5.8MB', '/md5/194de660a4d7e11d23901cef17ef4eb0')","('', '/md5/194de660a4d7e11d23901cef17ef4eb0')"
"('', '/md5/8be1681d03fc2a4ab1bb4f75b694204a')","('Reading the boss :  interdisciplinary approaches to the works of Bruce Springsteen', '/md5/8be1681d03fc2a4ab1bb4f75b694204a')","('edited by Roxanne  Harde and Irwin StreightRoxanne Harde and  Irwin Streight; Streight, Irwin Howard, 1959- edt; Harde, Roxanne, edtRoxanne Harde; Irwin Howard StreightBruce Springsteen', '/md5/8be1681d03fc2a4ab1bb4f75b694204a')","('Lexington  Books/Fortress Academic, Lanham, Md, Maryland, 2010Lanham, Md.: Lexington BooksUnited States, United States of  AmericaLanham, Md,  c2010PS, 2010', '/md5/8be1681d03fc2a4ab1bb4f75b694204a')","('2010', '/md5/8be1681d03fc2a4ab1bb4f75b694204a')","('ia/readingbossinter0000unse.pdf', '/md5/8be1681d03fc2a4ab1bb4f75b694204a')","('ðŸš€/ia', '/md5/8be1681d03fc2a4ab1bb4f75b694204a')","('en', '/md5/8be1681d03fc2a4ab1bb4f75b694204a')","('ðŸ“—\xa0Book  (unknown)', '/md5/8be1681d03fc2a4ab1bb4f75b694204a')","('pdf', '/md5/8be1681d03fc2a4ab1bb4f75b694204a')","('19.5MB', '/md5/8be1681d03fc2a4ab1bb4f75b694204a')","('', '/md5/8be1681d03fc2a4ab1bb4f75b694204a')"
"('', '/md5/2a34ec2dcd4442de6a5a0107e5b8ef81')","('A Lot Like a Lady by  Kay Springsteen and Kim Bowman', '/md5/2a34ec2dcd4442de6a5a0107e5b8ef81')","('Kim Bowman & Kay  Springsteen [Bowman, Kim & Springsteen, Kay]Kay Springsteen, Kim Bowman', '/md5/2a34ec2dcd4442de6a5a0107e5b8ef81')","('Astraea Press, LLC,  Lady #1, 2012United States, United States of  AmericaLadies, Madison, Wis,  2012', '/md5/2a34ec2dcd4442de6a5a0107e5b8ef81')","('2012', '/md5/2a34ec2dcd4442de6a5a0107e5b8ef81')","('lgli/Kim Bowman & Kay Springsteen [Bowman, Kim & Springsteen, Kay] - A Lot Like a Lady (2012, ).epubzlib/no-category/Kim Bowman & Kay Springsteen [Bowman, Kim & Springsteen, Kay]/A Lot Like a Lady_5989640.epub', '/md5/2a34ec2dcd4442de6a5a0107e5b8ef81')","('ðŸš€/lgli/zlib', '/md5/2a34ec2dcd4442de6a5a0107e5b8ef81')","('en', '/md5/2a34ec2dcd4442de6a5a0107e5b8ef81')","('ðŸ“•\xa0Book  (fiction)', '/md5/2a34ec2dcd4442de6a5a0107e5b8ef81')","('epub', '/md5/2a34ec2dcd4442de6a5a0107e5b8ef81')","('0.5MB', '/md5/2a34ec2dcd4442de6a5a0107e5b8ef81')","('', '/md5/2a34ec2dcd4442de6a5a0107e5b8ef81')"
"('', '/md5/c190904879de997aa4156bfab79ba72c')","('Born in the U.S.A.:  Bruce Springsteen and the American Tradition (Music / Culture)', '/md5/c190904879de997aa4156bfab79ba72c')","('Jim Cullen; Daniel  CavicchiCullen, Jim, 1962-', '/md5/c190904879de997aa4156bfab79ba72c')","('Wesleyan; Wesleyan  University Press, Music/culture, 2005 ed, Middletown, Conn, 2005Middletown, Conn.: Wesleyan University  PressUnited States, United States  of AmericaNew edition, PT,  2005', '/md5/c190904879de997aa4156bfab79ba72c')","('2005', '/md5/c190904879de997aa4156bfab79ba72c')","('ia/borninusabrucesp0000cull_f9x1.pdf', '/md5/c190904879de997aa4156bfab79ba72c')","('ðŸš€/ia', '/md5/c190904879de997aa4156bfab79ba72c')","('en', '/md5/c190904879de997aa4156bfab79ba72c')","('ðŸ“—\xa0Book  (unknown)', '/md5/c190904879de997aa4156bfab79ba72c')","('pdf', '/md5/c190904879de997aa4156bfab79ba72c')","('12.7MB', '/md5/c190904879de997aa4156bfab79ba72c')","('', '/md5/c190904879de997aa4156bfab79ba72c')"
"('', '/md5/2b6db44ea7c80c0de630ab1a766803ed')","('Darkness on the  Edge: Tales Inspired by the Songs of Bruce Springsteen', '/md5/2b6db44ea7c80c0de630ab1a766803ed')","('Edited by Harrison  Howe', '/md5/2b6db44ea7c80c0de630ab1a766803ed')","('PS Publishing,  2010Drugstore Indian PressUnited Kingdom and Ireland, United  Kingdom', '/md5/2b6db44ea7c80c0de630ab1a766803ed')","('2010', '/md5/2b6db44ea7c80c0de630ab1a766803ed')","('nexusstc/Darkness on the Edge: Tales Inspired by the Songs of Bruce Springsteen/2b6db44ea7c80c0de630ab1a766803ed.epublgli/_455131.2b6db44ea7c80c0de630ab1a766803ed.epublgrsnf/_455131.2b6db44ea7c80c0de630ab1a766803ed.epubzlib/no-category/Edited by Harrison Howe/Darkness on the Edge: Tales Inspired by the Songs of Bruce Springsteen_1171528.epub', '/md5/2b6db44ea7c80c0de630ab1a766803ed')","('ðŸš€/lgli/lgrs/nexusstc/zlib', '/md5/2b6db44ea7c80c0de630ab1a766803ed')","('en', '/md5/2b6db44ea7c80c0de630ab1a766803ed')","('ðŸ“˜\xa0Book  (non-fiction)', '/md5/2b6db44ea7c80c0de630ab1a766803ed')","('epub', '/md5/2b6db44ea7c80c0de630ab1a766803ed')","('0.3MB', '/md5/2b6db44ea7c80c0de630ab1a766803ed')","('', '/md5/2b6db44ea7c80c0de630ab1a766803ed')"
"('', '/md5/9d0c8ebcafc343151a37881c9c505760')","('Counting Down Bruce  Springsteen: His 100 Finest Songs,Beviglia, Jim,Rowman & Littlefield  Publishers', '/md5/9d0c8ebcafc343151a37881c9c505760')","('Beviglia,  Jim;Springsteen, BruceJim  Beviglia', '/md5/9d0c8ebcafc343151a37881c9c505760')","('Rowman &  Littlefield Publishers, Incorporated, Counting Down, 2014;2012Rowman & Littlefield Publishing Group,  IncorporatedUrban Institute  PressRowman & Littlefield  Publishing, Lanham, Maryland, 2014Counting down (Scarecrow Press), Lanham,  Maryland, 2014United States, United  States of AmericaCounting Down,  20232, 2014', '/md5/9d0c8ebcafc343151a37881c9c505760')","('2023', '/md5/9d0c8ebcafc343151a37881c9c505760')","('upload/bibliotik/C/Counting Down Bruce Springsteen - Jim Beviglia.epublgli/Z:\\Bibliotik_\\13\\C\\Counting Down Bruce Springsteen - Jim Beviglia.epublgrsnf/Z:\\Bibliotik_\\13\\C\\Counting Down Bruce Springsteen - Jim Beviglia.epubnexusstc/Counting down Bruce Springsteen: his 100 finest songs/9d0c8ebcafc343151a37881c9c505760.epubzlib/Arts/Music/Beviglia, Jim;Springsteen, Bruce/Counting down Bruce Springsteen: his 100 finest songs_5916555.epub', '/md5/9d0c8ebcafc343151a37881c9c505760')","('ðŸš€/duxiu/lgli/lgrs/nexusstc/upload/zlib', '/md5/9d0c8ebcafc343151a37881c9c505760')","('en', '/md5/9d0c8ebcafc343151a37881c9c505760')","('ðŸ“˜\xa0Book  (non-fiction)', '/md5/9d0c8ebcafc343151a37881c9c505760')","('epub', '/md5/9d0c8ebcafc343151a37881c9c505760')","('0.8MB', '/md5/9d0c8ebcafc343151a37881c9c505760')","('', '/md5/9d0c8ebcafc343151a37881c9c505760')"
"('', '/md5/a1319cf501693aece345ddc6d4443079')","(""Cerphe's Up : A  Musical Life with Bruce Springsteen, Little Feat, Frank Zappa, Tom Waits, CSNY, and Many  More"", '/md5/a1319cf501693aece345ddc6d4443079')","('Cerphe Colwell;  Stephen MooreColwell, Cerphe, Moore, Stephen  C', '/md5/a1319cf501693aece345ddc6d4443079')","('Carrel Books, Simon  & Schuster, [N.p.], 2016Skyhorse  Publishing Company, IncorporatedPlace of publication not identified,  2016United States, United States of  AmericaNew York, 20162, 2016', '/md5/a1319cf501693aece345ddc6d4443079')","('2016', '/md5/a1319cf501693aece345ddc6d4443079')","(""zlib/no-category/Cerphe Colwell/Cerphe's Up_118878045.epub"", '/md5/a1319cf501693aece345ddc6d4443079')","('ðŸš€/zlib', '/md5/a1319cf501693aece345ddc6d4443079')","('en', '/md5/a1319cf501693aece345ddc6d4443079')","('ðŸ“—\xa0Book  (unknown)', '/md5/a1319cf501693aece345ddc6d4443079')","('epub', '/md5/a1319cf501693aece345ddc6d4443079')","('1.6MB', '/md5/a1319cf501693aece345ddc6d4443079')","('', '/md5/a1319cf501693aece345ddc6d4443079')"
"('', '/md5/b8b88aa8dc3e8cc454fd21bdfa6ad722')","('The mansion on the  hill : Dylan, Young, Geffen, Springsteen and the head-on collision of of rock and  commerce', '/md5/b8b88aa8dc3e8cc454fd21bdfa6ad722')","('Goodman, FredFred Goodman', '/md5/b8b88aa8dc3e8cc454fd21bdfa6ad722')","('Trafalgar Square,  September 25, 1997London: Jonathan  CapeThe Bodley Head LtdJonathan Cape LtdPenguin Books LtdUnited Kingdom and Ireland, United  KingdomLondon,  1997', '/md5/b8b88aa8dc3e8cc454fd21bdfa6ad722')","('1997', '/md5/b8b88aa8dc3e8cc454fd21bdfa6ad722')","('ia/mansiononhilldyl0000good.pdf', '/md5/b8b88aa8dc3e8cc454fd21bdfa6ad722')","('ðŸš€/ia', '/md5/b8b88aa8dc3e8cc454fd21bdfa6ad722')","('en', '/md5/b8b88aa8dc3e8cc454fd21bdfa6ad722')","('ðŸ“—\xa0Book  (unknown)', '/md5/b8b88aa8dc3e8cc454fd21bdfa6ad722')","('pdf', '/md5/b8b88aa8dc3e8cc454fd21bdfa6ad722')","('25.8MB', '/md5/b8b88aa8dc3e8cc454fd21bdfa6ad722')","('', '/md5/b8b88aa8dc3e8cc454fd21bdfa6ad722')"
"('', '/md5/e645ddef1e7ca9ea3bf870d25befebe7')","('Bruce Springsteen :  the Rolling stone files : the ultimate compendium of interviews, articles, facts, and  opinions from the files of Rolling stoneRolling stone (San Francisco,  Calif.)', '/md5/e645ddef1e7ca9ea3bf870d25befebe7')","('by the editors of  Rolling stone; introduction by Parke PuterbaughRolling Stone Magazine; Parke  PuterbaughCalif.) Rolling Stone  (San Francisco', '/md5/e645ddef1e7ca9ea3bf870d25befebe7')","('Hyperion Books  (Adult Trd Pap), 1st ed., New York, New York State, 1996New York: HyperionHyperion PressDisney PressVoloUnited States, United States of  America1st ed edition, October  19961st ed, New York,  c1996First Edition, US,  1996', '/md5/e645ddef1e7ca9ea3bf870d25befebe7')","('19962022', '/md5/e645ddef1e7ca9ea3bf870d25befebe7')","('ia/brucespringsteen0000unse.pdf', '/md5/e645ddef1e7ca9ea3bf870d25befebe7')","('ðŸš€/ia', '/md5/e645ddef1e7ca9ea3bf870d25befebe7')","('en', '/md5/e645ddef1e7ca9ea3bf870d25befebe7')","('ðŸ“—\xa0Book  (unknown)', '/md5/e645ddef1e7ca9ea3bf870d25befebe7')","('pdf', '/md5/e645ddef1e7ca9ea3bf870d25befebe7')","('16.7MB', '/md5/e645ddef1e7ca9ea3bf870d25befebe7')","('', '/md5/e645ddef1e7ca9ea3bf870d25befebe7')"
"('', '/md5/142be39d882b35ac04fa656ed7b1af18')","('The new best of  Bruce Springsteen for guitar : [easy tab deluxe] : for 1-2 guitarer med underlagt tekst  og becifring (med guitargreb)The New Best of  Bruce Springsteen for Guitar: Easy TAB Deluxe (The New Best of... for  Guitar)', '/md5/142be39d882b35ac04fa656ed7b1af18')","('Springsteen,  BruceBruce Springsteen', '/md5/142be39d882b35ac04fa656ed7b1af18')","('International Music  Publications, Place of publication not identified, 1996Warner Bros. PublicationsAlfred MusicUnited States, United States of  AmericaNew best of series, Miami,  Fla, Â©1996PG 9622, Songbook, Miami,  FL, 1996July 1999', '/md5/142be39d882b35ac04fa656ed7b1af18')","('19961999', '/md5/142be39d882b35ac04fa656ed7b1af18')","('ia/newbestofbrucesp0000unse.pdf', '/md5/142be39d882b35ac04fa656ed7b1af18')","('ðŸš€/ia', '/md5/142be39d882b35ac04fa656ed7b1af18')","('en', '/md5/142be39d882b35ac04fa656ed7b1af18')","('ðŸ“—\xa0Book  (unknown)', '/md5/142be39d882b35ac04fa656ed7b1af18')","('pdf', '/md5/142be39d882b35ac04fa656ed7b1af18')","('5.0MB', '/md5/142be39d882b35ac04fa656ed7b1af18')","('', '/md5/142be39d882b35ac04fa656ed7b1af18')"
"('', '/md5/961e6fd8121f6fec804836173ae2e19a')","('Springsteen on  Springsteen', '/md5/961e6fd8121f6fec804836173ae2e19a')","('Jeff  Burger', '/md5/961e6fd8121f6fec804836173ae2e19a')","('Chicago Review  Press, 2013', '/md5/961e6fd8121f6fec804836173ae2e19a')","('2013', '/md5/961e6fd8121f6fec804836173ae2e19a')","('upload/emo37c/2024-10-21/content/Jeff Burger - Memoirs - 08 - Springsteen on Springsteen.epubzlib/no-category/Jeff Burger/Springsteen on Springsteen_115381771.epub', '/md5/961e6fd8121f6fec804836173ae2e19a')","('ðŸš€/upload/zlib', '/md5/961e6fd8121f6fec804836173ae2e19a')","('en', '/md5/961e6fd8121f6fec804836173ae2e19a')","('ðŸ“—\xa0Book  (unknown)', '/md5/961e6fd8121f6fec804836173ae2e19a')","('epub', '/md5/961e6fd8121f6fec804836173ae2e19a')","('3.9MB', '/md5/961e6fd8121f6fec804836173ae2e19a')","('', '/md5/961e6fd8121f6fec804836173ae2e19a')"
"('', '/md5/c5f63bb75e63e87fb2161c26b5baa7b8')","('Springsteen', '/md5/c5f63bb75e63e87fb2161c26b5baa7b8')","('text by Robert  Hilburn; art direction by Howard KleinHilburn,  Robert; Klein, Howard', '/md5/c5f63bb75e63e87fb2161c26b5baa7b8')","(""Charles scribner's  Sons, A Rolling Stone Press book, New York, 1985Simon & Schuster Children's  PublishingSimon & Schuster,  IncorporatedNew York: C. Scribner's  SonsUnited States, United States of  AmericaFirst Edition ~1st Printing,  PS, 1985New York, New York State,  1985First Edition,  1985-10-01New york,  2009"", '/md5/c5f63bb75e63e87fb2161c26b5baa7b8')","('19852009', '/md5/c5f63bb75e63e87fb2161c26b5baa7b8')","('ia/springsteen0000hilb.pdf', '/md5/c5f63bb75e63e87fb2161c26b5baa7b8')","('ðŸš€/ia', '/md5/c5f63bb75e63e87fb2161c26b5baa7b8')","('en', '/md5/c5f63bb75e63e87fb2161c26b5baa7b8')","('ðŸ“—\xa0Book  (unknown)', '/md5/c5f63bb75e63e87fb2161c26b5baa7b8')","('pdf', '/md5/c5f63bb75e63e87fb2161c26b5baa7b8')","('11.4MB', '/md5/c5f63bb75e63e87fb2161c26b5baa7b8')","('', '/md5/c5f63bb75e63e87fb2161c26b5baa7b8')"
"('', '/md5/b3640fecba5e9c6af66610b868b53c46')","('Springsteen', '/md5/b3640fecba5e9c6af66610b868b53c46')","('Goldsmith, Lynnphotographed by Lynn Goldsmith', '/md5/b3640fecba5e9c6af66610b868b53c46')","(""New York: St.  Martin's Press, 1st ed., New York, New York State, 1984Worth Publishers, IncorporatedWadsworthUnited States, United States of  America"", '/md5/b3640fecba5e9c6af66610b868b53c46')","('1984', '/md5/b3640fecba5e9c6af66610b868b53c46')","('ia/springsteen00gold.pdf', '/md5/b3640fecba5e9c6af66610b868b53c46')","('ðŸš€/duxiu/ia', '/md5/b3640fecba5e9c6af66610b868b53c46')","('en', '/md5/b3640fecba5e9c6af66610b868b53c46')","('ðŸ“—\xa0Book  (unknown)', '/md5/b3640fecba5e9c6af66610b868b53c46')","('pdf', '/md5/b3640fecba5e9c6af66610b868b53c46')","('10.7MB', '/md5/b3640fecba5e9c6af66610b868b53c46')","('', '/md5/b3640fecba5e9c6af66610b868b53c46')"
"('', '/md5/c469d0d9fce4a38d848c3b6acbe52e6d')","('Bruce Springsteen  -', '/md5/c469d0d9fce4a38d848c3b6acbe52e6d')","('Michael  Stewart', '/md5/c469d0d9fce4a38d848c3b6acbe52e6d')","('', '/md5/c469d0d9fce4a38d848c3b6acbe52e6d')","('', '/md5/c469d0d9fce4a38d848c3b6acbe52e6d')","('lgli/D:\\!genesis\\library.nu\\c4\\_257093.c469d0d9fce4a38d848c3b6acbe52e6d.pdflgrsnf/D:\\!genesis\\library.nu\\c4\\_257093.c469d0d9fce4a38d848c3b6acbe52e6d.pdfnexusstc/Bruce Springsteen -/c469d0d9fce4a38d848c3b6acbe52e6d.pdfzlib/no-category/Michael Stewart/Bruce Springsteen -_913251.pdf', '/md5/c469d0d9fce4a38d848c3b6acbe52e6d')","('ðŸš€/lgli/lgrs/nexusstc/zlib', '/md5/c469d0d9fce4a38d848c3b6acbe52e6d')","('en', '/md5/c469d0d9fce4a38d848c3b6acbe52e6d')","('ðŸ“˜\xa0Book  (non-fiction)', '/md5/c469d0d9fce4a38d848c3b6acbe52e6d')","('pdf', '/md5/c469d0d9fce4a38d848c3b6acbe52e6d')","('30.5MB', '/md5/c469d0d9fce4a38d848c3b6acbe52e6d')","('', '/md5/c469d0d9fce4a38d848c3b6acbe52e6d')"
"('', '/md5/10708b19fa1e5122973356253fafeacd')","('Bruce  Springsteen', '/md5/10708b19fa1e5122973356253fafeacd')","('Outlet Book Company  StaffMichael StewartStewart, Michael', '/md5/10708b19fa1e5122973356253fafeacd')","('New York: Crescent  Books: Distributed by Crown, [Crescent Books ed.]., New York, 1984Alfred A. Knopf Books for Young  ReadersRandom House,  IncorporatedHarmony  BooksUnited States, United States  of AmericaOctober 16,  1985PT, 1985', '/md5/10708b19fa1e5122973356253fafeacd')","('19841985', '/md5/10708b19fa1e5122973356253fafeacd')","('ia/brucespringsteen00rhva.pdf', '/md5/10708b19fa1e5122973356253fafeacd')","('ðŸš€/ia', '/md5/10708b19fa1e5122973356253fafeacd')","('en', '/md5/10708b19fa1e5122973356253fafeacd')","('ðŸ“—\xa0Book  (unknown)', '/md5/10708b19fa1e5122973356253fafeacd')","('pdf', '/md5/10708b19fa1e5122973356253fafeacd')","('6.3MB', '/md5/10708b19fa1e5122973356253fafeacd')","('', '/md5/10708b19fa1e5122973356253fafeacd')"
"('', '/md5/15e1c45ff79edf7e93fe2fb3b980d4df')","('Bruce  Springsteen', '/md5/15e1c45ff79edf7e93fe2fb3b980d4df')","('Carlin, Peter Ames,  authorPeter Ames Carlin', '/md5/15e1c45ff79edf7e93fe2fb3b980d4df')","('Simon & Schuster  Ltd, London, England, 2013Simon & Schuster  Childrens BooksLondon: Simon &  ShusterScribner UKUnited Kingdom and Ireland, United  KingdomUK ed., 2013S.l, 1320', '/md5/15e1c45ff79edf7e93fe2fb3b980d4df')","('2013', '/md5/15e1c45ff79edf7e93fe2fb3b980d4df')","('ia/bruce0000carl_k2j1.pdf', '/md5/15e1c45ff79edf7e93fe2fb3b980d4df')","('ðŸš€/ia', '/md5/15e1c45ff79edf7e93fe2fb3b980d4df')","('en', '/md5/15e1c45ff79edf7e93fe2fb3b980d4df')","('ðŸ“—\xa0Book  (unknown)', '/md5/15e1c45ff79edf7e93fe2fb3b980d4df')","('pdf', '/md5/15e1c45ff79edf7e93fe2fb3b980d4df')","('24.8MB', '/md5/15e1c45ff79edf7e93fe2fb3b980d4df')","('', '/md5/15e1c45ff79edf7e93fe2fb3b980d4df')"
"('', '/md5/c78cabb0af2053dcc57d8f999e5903ad')","('Bruce  Springsteen', '/md5/c78cabb0af2053dcc57d8f999e5903ad')","('Gambaccini,  PeterPeter Gambaccini', '/md5/c78cabb0af2053dcc57d8f999e5903ad')","('New York, N.Y.:  Delilah/Putnam: Distributed by the Putnam Pub. Group, New York, N.Y, New York State,  1979Putnam Publishing Group, ThePenguin Publishing GroupBoulevard BooksQuick FoxUnited States, United States of  America', '/md5/c78cabb0af2053dcc57d8f999e5903ad')","('1979', '/md5/c78cabb0af2053dcc57d8f999e5903ad')","('ia/isbn_0399410155.pdf', '/md5/c78cabb0af2053dcc57d8f999e5903ad')","('ðŸš€/ia', '/md5/c78cabb0af2053dcc57d8f999e5903ad')","('en', '/md5/c78cabb0af2053dcc57d8f999e5903ad')","('ðŸ“—\xa0Book  (unknown)', '/md5/c78cabb0af2053dcc57d8f999e5903ad')","('pdf', '/md5/c78cabb0af2053dcc57d8f999e5903ad')","('23.2MB', '/md5/c78cabb0af2053dcc57d8f999e5903ad')","('', '/md5/c78cabb0af2053dcc57d8f999e5903ad')"
"('', '/md5/1900ee9f5a28b073e52a0513c7ab652b')","('Songs : Bruce  Springsteen', '/md5/1900ee9f5a28b073e52a0513c7ab652b')","('Bruce  SpringsteenSpringsteen,  Bruce', '/md5/1900ee9f5a28b073e52a0513c7ab652b')","('Virgin Books, New Ed  edition, March 4, 2004Transworld  DigitalCrime &  PassionLondon: VirginVirgin PubUnited Kingdom and Ireland, United  KingdomLondon,  2003', '/md5/1900ee9f5a28b073e52a0513c7ab652b')","('20042003', '/md5/1900ee9f5a28b073e52a0513c7ab652b')","('ia/songs0000spri.pdf', '/md5/1900ee9f5a28b073e52a0513c7ab652b')","('ðŸš€/ia', '/md5/1900ee9f5a28b073e52a0513c7ab652b')","('en', '/md5/1900ee9f5a28b073e52a0513c7ab652b')","('ðŸ“—\xa0Book  (unknown)', '/md5/1900ee9f5a28b073e52a0513c7ab652b')","('pdf', '/md5/1900ee9f5a28b073e52a0513c7ab652b')","('27.6MB', '/md5/1900ee9f5a28b073e52a0513c7ab652b')","('', '/md5/1900ee9f5a28b073e52a0513c7ab652b')"
"('', '/md5/7e63a8a0a7bf849a2acbf42d40081eed')","('Springsteen : no  surrender', '/md5/7e63a8a0a7bf849a2acbf42d40081eed')","('Lynch, KateKate Lynch', '/md5/7e63a8a0a7bf849a2acbf42d40081eed')","('Music Sales  Corporation, London, United Kingdom, 1986Wise  PublicationsMusic Sales  LtdLondon: BobcatOmnibus PressBobcat BooksUnited Kingdom and Ireland, United  KingdomLondon u.a, 1986November 1992London, c1986PS, 1987', '/md5/7e63a8a0a7bf849a2acbf42d40081eed')","('198619871992', '/md5/7e63a8a0a7bf849a2acbf42d40081eed')","('ia/springsteennosur0000lync.pdf', '/md5/7e63a8a0a7bf849a2acbf42d40081eed')","('ðŸš€/ia', '/md5/7e63a8a0a7bf849a2acbf42d40081eed')","('en', '/md5/7e63a8a0a7bf849a2acbf42d40081eed')","('ðŸ“—\xa0Book  (unknown)', '/md5/7e63a8a0a7bf849a2acbf42d40081eed')","('pdf', '/md5/7e63a8a0a7bf849a2acbf42d40081eed')","('12.1MB', '/md5/7e63a8a0a7bf849a2acbf42d40081eed')","('', '/md5/7e63a8a0a7bf849a2acbf42d40081eed')"
